key;parent key;description size;comments size
JCLOUDS-1590;;81;430
JCLOUDS-1588;;315;249
JCLOUDS-1557;;1589;983
JCLOUDS-1548;;2884;602
JCLOUDS-1477;;307;917
JCLOUDS-1474;;638;1323
JCLOUDS-1462;;52;1411
JCLOUDS-1436;;205;561
JCLOUDS-1428;;536;24066
JCLOUDS-1337;;163;4231
JCLOUDS-1304;;435;866
JCLOUDS-1273;;861;489
JCLOUDS-1255;;299;1647
JCLOUDS-1210;JCLOUDS-1207;276;497
JCLOUDS-1151;;154;226
JCLOUDS-1125;;693;2227
JCLOUDS-1114;;483;348
JCLOUDS-1111;;355;747
JCLOUDS-1022;;504;757
JCLOUDS-1002;;1373;873
JCLOUDS-998;;221;754
JCLOUDS-948;;706;1609
JCLOUDS-930;;640;7117
JCLOUDS-894;;651;6197
JCLOUDS-892;JCLOUDS-172;131;183
JCLOUDS-891;;178;495
JCLOUDS-886;;165;52
JCLOUDS-853;JCLOUDS-664;286;315
JCLOUDS-848;;484;987
JCLOUDS-841;JCLOUDS-664;87;986
JCLOUDS-835;;691;318
JCLOUDS-826;;374;882
JCLOUDS-820;;150;297
JCLOUDS-806;;475;317
JCLOUDS-791;;194;90
JCLOUDS-782;;661;183
JCLOUDS-750;;1164;21751
JCLOUDS-707;;1684;1478
JCLOUDS-654;;206;1043
JCLOUDS-651;;302;8203
JCLOUDS-632;;154;82
JCLOUDS-613;;605;9026
JCLOUDS-610;;1020;1768
JCLOUDS-500;;369;487
JCLOUDS-482;;489;1794
JCLOUDS-458;;195;6281
JCLOUDS-457;;194;15857
JCLOUDS-435;;37;373
JCLOUDS-423;;242;1997
JCLOUDS-418;;143;553
JCLOUDS-344;;239;101
JCLOUDS-340;;438;1225
JCLOUDS-301;;255;1574
JCLOUDS-286;;1157;537
JCLOUDS-284;;618;128
JCLOUDS-258;;224;353
JCLOUDS-255;;612;2123
JCLOUDS-246;;416;365
JCLOUDS-238;;3293;1270
JCLOUDS-227;;333;111
JCLOUDS-215;;0;1720
JCLOUDS-190;;112;727
JCLOUDS-146;;239;547
JCLOUDS-126;;328;456
JCLOUDS-101;;597;2172
JCLOUDS-27;;170;136